Province_State,Country_Region,Confirmed,Deaths,Recovered,Active,Combined_Key,Incidence_Rate,Case-Fatality_Ratio
Abruzzo,Italy,3287,462,2543,282,"Abruzzo, Italy",250.6137636,14.05536964
Acre,Brazil,13146,361,6270,6515,"Acre, Brazil",1490.586041,2.746082459
Adygea Republic,Russia,1847,12,1291,544,"Adygea Republic, Russia",407.3881282,0.64970222
Aguascalientes,Mexico,2257,140,1772,345,"Aguascalientes, Mexico",157.3222457,6.202924236
Aichi,Japan,522,34,477,11,"Aichi, Japan",6.91185753,6.513409962
Akita,Japan,16,0,16,0,"Akita, Japan",1.655474966,0
Alagoas,Brazil,35117,1032,25512,8573,"Alagoas, Brazil",1052.239841,2.938747615
Alberta,Canada,8067,154,7354,559,"Alberta, Canada",182.7947682,1.909012024
Altai Krai,Russia,3909,31,2766,1112,"Altai Krai, Russia",166.3347631,0.793041699
Altai Republic,Russia,617,0,279,338,"Altai Republic, Russia",282.9457542,0
Amapa,Brazil,28253,413,12929,14911,"Amapa, Brazil",3340.660328,1.461791668
Amazonas,Brazil,69893,2792,56634,10467,"Amazonas, Brazil",1686.364199,3.994677579
Amazonas,Colombia,2259,89,1894,276,"Amazonas, Colombia",2949.509721,3.93979637
Amazonas,Peru,2052,43,0,2009,"Amazonas, Peru",480.787254,2.095516569
Amur Oblast,Russia,1682,9,704,969,"Amur Oblast, Russia",210.6650101,0.535077289
Ancash,Peru,7874,468,0,7406,"Ancash, Peru",666.949009,5.943611887
Andalusia,Spain,13080,1426,10671,983,"Andalusia, Spain",155.2079199,10.90214067
Andaman and Nicobar Islands,India,90,0,46,44,"Andaman and Nicobar Islands, India",21.58087072,0
Andhra Pradesh,India,13891,180,6232,7479,"Andhra Pradesh, India",25.7701774,1.295803038
Anguilla,United Kingdom,3,0,3,0,"Anguilla, United Kingdom",19.99733369,0
Anhui,China,991,6,985,0,"Anhui, China",1.567046173,0.605449041
Antioquia,Colombia,4089,27,1521,2541,"Antioquia, Colombia",63.81980496,0.660308144
Antofagasta,Chile,8625,147,6616,1862,"Antofagasta, Chile",1419.673631,1.704347826
Aomori,Japan,30,1,26,3,"Aomori, Japan",2.406987967,3.333333333
Apurimac,Peru,554,18,0,536,"Apurimac, Peru",128.6278152,3.249097473
Aragon,Spain,6319,912,3772,1635,"Aragon, Spain",478.4996963,14.4326634
Arauca,Colombia,76,0,3,73,"Arauca, Colombia",28.98838176,0
Araucania,Chile,3212,41,2880,291,"Araucania, Chile",335.5536426,1.276463263
Arequipa,Peru,7076,245,0,6831,"Arequipa, Peru",472.5524242,3.46240814
Arica y Parinacota,Chile,1685,20,1299,366,"Arica y Parinacota, Chile",745.3509563,1.18694362
Arkhangelsk Oblast,Russia,5454,54,2549,2851,"Arkhangelsk Oblast, Russia",472.196345,0.99009901
Aruba,Netherlands,103,3,98,2,"Aruba, Netherlands",96.47265984,2.912621359
Arunachal Pradesh,India,187,1,61,125,"Arunachal Pradesh, India",11.90735442,0.534759358
Assam,India,7752,11,5333,2408,"Assam, India",21.77097624,0.141898865
Astrakhan Oblast,Russia,3448,30,2322,1096,"Astrakhan Oblast, Russia",338.8651164,0.870069606
Asturias,Spain,2435,334,1063,1038,"Asturias, Spain",238.2105351,13.71663244
Atacama,Chile,1006,2,689,315,"Atacama, Chile",348.1643502,0.198807157
Atlantico,Colombia,22049,1117,6686,14246,"Atlantico, Colombia",869.6056859,5.065989387
Australian Capital Territory,Australia,108,3,105,0,"Australian Capital Territory, Australia",25.22775053,2.777777778
Ayacucho,Peru,1747,25,0,1722,"Ayacucho, Peru",261.4486681,1.431024614
Aysen,Chile,42,0,28,14,"Aysen, Chile",40.71424417,0
Azad Jammu and Kashmir,Pakistan,1065,28,539,498,"Azad Jammu and Kashmir, Pakistan",26.32641892,2.629107981
Baden-Wurttemberg,Germany,35630,1830,33300,500,"Baden-Wurttemberg, Germany",321.8744639,5.136121246
Bahia,Brazil,69467,1800,43946,23721,"Bahia, Brazil",467.0658312,2.591158392
Baja California,Mexico,8755,1899,6362,494,"Baja California, Mexico",240.8615664,21.69046259
Baja California Sur,Mexico,1487,70,1167,250,"Baja California Sur, Mexico",184.7875254,4.707464694
Baleares,Spain,2206,224,1533,449,"Baleares, Spain",185.655855,10.15412511
Balochistan,Pakistan,10426,119,4197,6110,"Balochistan, Pakistan",84.45929525,1.141377326
Bashkortostan Republic,Russia,5315,18,2870,2427,"Bashkortostan Republic, Russia",130.805236,0.338664158
Basilicata,Italy,402,27,372,3,"Basilicata, Italy",71.41981527,6.71641791
Bayern,Germany,48344,2594,45100,650,"Bayern, Germany",369.6951246,5.365712395
Beijing,China,919,9,586,324,"Beijing, China",4.266480966,0.979325354
Belgorod Oblast,Russia,4464,42,3294,1128,"Belgorod Oblast, Russia",288.0230418,0.940860215
Berlin,Germany,8219,214,7272,733,"Berlin, Germany",225.497733,2.603723081
Bermuda,United Kingdom,146,9,135,2,"Bermuda, United Kingdom",234.4515279,6.164383562
Bihar,India,9640,62,7390,2188,"Bihar, India",7.724363555,0.643153527
Biobio,Chile,6595,50,4523,2022,"Biobio, Chile",423.6240248,0.758150114
Blekinge,Sweden,444,12,0,432,"Blekinge, Sweden",278.1850306,2.702702703
Bolivar,Colombia,8792,352,4134,4306,"Bolivar, Colombia",424.7117303,4.003639672
"Bonaire, Sint Eustatius and Saba",Netherlands,7,0,7,0,"Bonaire, Sint Eustatius and Saba, Netherlands",26.69615957,0
Boyaca,Colombia,355,16,213,126,"Boyaca, Colombia",29.16108088,4.507042254
Brandenburg,Germany,3451,171,3200,80,"Brandenburg, Germany",137.3851126,4.955085482
Bremen,Germany,1665,53,1533,79,"Bremen, Germany",243.7824494,3.183183183
British Columbia,Canada,2904,174,2577,153,"British Columbia, Canada",56.81954921,5.991735537
British Virgin Islands,United Kingdom,8,1,7,0,"British Virgin Islands, United Kingdom",26.45765122,12.5
Bryansk Oblast,Russia,6147,34,4415,1698,"Bryansk Oblast, Russia",507.6045722,0.553115341
Buryatia Republic,Russia,2886,19,1965,902,"Buryatia Republic, Russia",293.1404525,0.658350658
C. Valenciana,Spain,11541,1432,9970,139,"C. Valenciana, Spain",231.981345,12.40793692
Cajamarca,Peru,2091,67,0,2024,"Cajamarca, Peru",143.8398569,3.204208513
Calabria,Italy,1180,97,1057,26,"Calabria, Italy",60.60198312,8.220338983
Caldas,Colombia,254,8,165,81,"Caldas, Colombia",25.44440048,3.149606299
Callao,Peru,17944,619,0,17325,"Callao, Peru",1588.105142,3.449621043
Campania,Italy,4666,431,4073,162,"Campania, Italy",80.424814,9.237033862
Campeche,Mexico,1859,196,1452,211,"Campeche, Mexico",185.7853704,10.54330285
Canarias,Spain,2427,162,1537,728,"Canarias, Spain",109.9732158,6.674907293
Cantabria,Spain,2362,216,2287,-141,"Cantabria, Spain",406.0924178,9.144792549
Capital District,Colombia,27927,665,11955,15307,"Capital District, Colombia",376.7521261,2.38120815
Caqueta,Colombia,35,2,22,11,"Caqueta, Colombia",8.717548924,5.714285714
Casanare,Colombia,66,0,36,30,"Casanare, Colombia",15.69545117,0
Castilla - La Mancha,Spain,18120,3025,6392,8703,"Castilla - La Mancha, Spain",890.4715125,16.69426049
Castilla y Leon,Spain,19665,2784,8716,8165,"Castilla y Leon, Spain",816.7433848,14.15713196
Catalonia,Spain,61417,5669,26203,29545,"Catalonia, Spain",811.7036949,9.23034339
Cauca,Colombia,352,14,148,190,"Cauca, Colombia",24.03570395,3.977272727
Cayman Islands,United Kingdom,199,1,189,9,"Cayman Islands, United Kingdom",302.7997565,0.502512563
Ceara,Brazil,108225,6076,83670,18479,"Ceara, Brazil",1185.108143,5.614229614
Cesar,Colombia,946,23,376,547,"Cesar, Colombia",78.79564275,2.431289641
Ceuta,Spain,163,4,163,-4,"Ceuta, Spain",192.151269,2.45398773
Chandigarh,India,435,6,349,80,"Chandigarh, India",37.54942929,1.379310345
Channel Islands,United Kingdom,571,47,512,12,"Channel Islands, United Kingdom",334.8993249,8.23117338
Chechen Republic,Russia,1708,22,1180,506,"Chechen Republic, Russia",118.860305,1.288056206
Chelyabinsk Oblast,Russia,7058,88,3675,3295,"Chelyabinsk Oblast, Russia",202.0591829,1.246812128
Cherkasy Oblast,Ukraine,642,24,454,164,"Cherkasy Oblast, Ukraine",53.21834193,3.738317757
Chernihiv Oblast,Ukraine,535,10,145,380,"Chernihiv Oblast, Ukraine",53.19439818,1.869158879
Chernivtsi Oblast,Ukraine,4745,182,1889,2674,"Chernivtsi Oblast, Ukraine",524.6723148,3.835616438
Chhattisgarh,India,2761,13,2173,575,"Chhattisgarh, India",9.379597544,0.470843897
Chiapas,Mexico,4383,519,3571,293,"Chiapas, Mexico",76.48724768,11.84120465
Chiba,Japan,961,45,868,48,"Chiba, Japan",15.35295337,4.682622268
Chihuahua,Mexico,3007,635,2272,100,"Chihuahua, Mexico",79.10062562,21.11739275
Choco,Colombia,1421,42,412,967,"Choco, Colombia",265.6938892,2.955665025
Chongqing,China,582,6,573,3,"Chongqing, China",1.876208897,1.030927835
Chukotka Autonomous Okrug,Russia,138,1,125,12,"Chukotka Autonomous Okrug, Russia",279.6465916,0.724637681
Chuvashia Republic,Russia,5025,31,2882,2112,"Chuvashia Republic, Russia",408.1659176,0.616915423
Ciudad de Mexico,Mexico,47437,6456,37550,3431,"Ciudad de Mexico, Mexico",525.9881058,13.60962961
Coahuila,Mexico,4270,214,3039,1017,"Coahuila, Mexico",132.6614306,5.011709602
Colima,Mexico,542,69,343,130,"Colima, Mexico",69.03113151,12.73062731
Coquimbo,Chile,2961,23,2263,675,"Coquimbo, Chile",390.8467158,0.776764607
Cordoba,Colombia,642,40,200,402,"Cordoba, Colombia",35.97075947,6.230529595
Crimea Republic*,Ukraine,681,10,478,193,"Crimea Republic*, Ukraine",35.58493853,1.468428781
Cundinamarca,Colombia,2633,61,1352,1220,"Cundinamarca, Colombia",90.20026995,2.316748956
Curacao,Netherlands,23,1,19,3,"Curacao, Netherlands",14.015844,4.347826087
Cusco,Peru,1775,19,0,1756,"Cusco, Peru",130.793604,1.070422535
Dadra and Nagar Haveli and Daman and Diu,India,203,0,77,126,"Dadra and Nagar Haveli and Daman and Diu, India",32.96931742,0
Dagestan Republic,Russia,7775,373,5682,1720,"Dagestan Republic, Russia",253.7627881,4.797427653
Dalarna,Sweden,1623,157,0,1466,"Dalarna, Sweden",563.6082037,9.673444239
Delhi,India,85161,2680,56235,26246,"Delhi, India",455.1405858,3.146980425
Diamond Princess,Canada,0,1,0,-1,"Diamond Princess, Canada",,0
Diamond Princess,US,49,0,0,49,"Diamond Princess, US",,0
Distrito Federal,Brazil,47071,559,30957,15555,"Distrito Federal, Brazil",1561.088434,1.187567717
Dnipropetrovsk Oblast,Ukraine,1087,23,913,151,"Dnipropetrovsk Oblast, Ukraine",33.90013401,2.115915363
Donetsk Oblast,Ukraine,481,9,163,309,"Donetsk Oblast, Ukraine",11.54612172,1.871101871
Durango,Mexico,1787,139,1251,397,"Durango, Mexico",95.6128317,7.778399552
Ehime,Japan,82,4,77,1,"Ehime, Japan",6.122989961,4.87804878
Emilia-Romagna,Italy,28472,4255,23185,1032,"Emilia-Romagna, Italy",638.460519,14.94450688
England,United Kingdom,160391,39036,0,121355,"England, United Kingdom",286.5291583,24.33802395
Espirito Santo,Brazil,45097,1621,26751,16725,"Espirito Santo, Brazil",1122.192776,3.594474134
Extremadura,Spain,3027,519,2652,-144,"Extremadura, Spain",284.1122408,17.1456888
Falkland Islands (Malvinas),United Kingdom,13,0,13,0,"Falkland Islands (Malvinas), United Kingdom",373.2414585,0
Faroe Islands,Denmark,187,0,187,0,"Faroe Islands, Denmark",382.6869948,0
French Guiana,France,3774,15,1352,2407,"French Guiana, France",1263.551202,0.39745628
French Polynesia,France,62,0,60,2,"French Polynesia, France",22.07159741,0
Friuli Venezia Giulia,Italy,3308,345,2927,36,"Friuli Venezia Giulia, Italy",272.2140847,10.42926239
Fujian,China,363,1,357,5,"Fujian, China",0.921086019,0.275482094
Fukui,Japan,122,8,114,0,"Fukui, Japan",15.88671987,6.557377049
Fukuoka,Japan,842,33,798,11,"Fukuoka, Japan",16.49790279,3.919239905
Fukushima,Japan,82,0,80,2,"Fukushima, Japan",4.44319457,0
Galicia,Spain,9206,619,9204,-617,"Galicia, Spain",340.9072814,6.723875733
Gansu,China,164,2,143,19,"Gansu, China",0.621918847,1.219512195
Gavleborg,Sweden,2226,131,0,2095,"Gavleborg, Sweden",774.5787836,5.884995508
Gibraltar,United Kingdom,177,0,176,1,"Gibraltar, United Kingdom",525.3628565,0
Gifu,Japan,156,7,146,3,"Gifu, Japan",7.85266389,4.487179487
Gilgit-Baltistan,Pakistan,1470,24,1117,329,"Gilgit-Baltistan, Pakistan",145.0299137,1.632653061
Goa,India,1198,3,478,717,"Goa, India",75.52403467,0.250417362
Goias,Brazil,23007,437,0,22570,"Goias, Brazil",327.8119058,1.899421915
Gotland,Sweden,154,7,0,147,"Gotland, Sweden",258.0169554,4.545454545
Grand Princess,Canada,13,0,13,0,"Grand Princess, Canada",,0
Grand Princess,US,103,3,0,100,"Grand Princess, US",,2.912621359
Greenland,Denmark,13,0,13,0,"Greenland, Denmark",22.89861199,0
Guadeloupe,France,182,14,157,11,"Guadeloupe, France",45.48555834,7.692307692
Guainia,Colombia,14,1,2,11,"Guainia, Colombia",29.09755996,7.142857143
Guam,US,253,5,0,248,"Guam, US",154.0531818,1.976284585
Guanajuato,Mexico,6995,348,5289,1358,"Guanajuato, Mexico",112.3121942,4.97498213
Guangdong,China,1641,8,1627,6,"Guangdong, China",1.446324696,0.487507617
Guangxi,China,254,2,252,0,"Guangxi, China",0.515631344,0.787401575
Guaviare,Colombia,37,0,6,31,"Guaviare, Colombia",44.70380707,0
Guerrero,Mexico,5311,865,3986,460,"Guerrero, Mexico",145.2264231,16.28695161
Guizhou,China,147,2,145,0,"Guizhou, China",0.408333333,1.360544218
Gujarat,India,31938,1827,23240,6871,"Gujarat, India",50.0028189,5.720458388
Gunma,Japan,152,19,131,2,"Gunma, Japan",7.825145074,12.5
Hainan,China,171,6,165,0,"Hainan, China",1.830835118,3.50877193
Halland,Sweden,1442,71,0,1371,"Halland, Sweden",431.9330953,4.92371706
Hamburg,Germany,5200,259,4900,41,"Hamburg, Germany",282.427727,4.980769231
Haryana,India,14210,232,9502,4476,"Haryana, India",50.38168827,1.632653061
Hebei,China,349,6,334,9,"Hebei, China",0.461884595,1.719197708
Heilongjiang,China,947,13,934,0,"Heilongjiang, China",2.509939041,1.372756072
Henan,China,1276,22,1254,0,"Henan, China",1.328474753,1.724137931
Hessen,Germany,10762,506,9900,356,"Hessen, Germany",171.7575496,4.701728303
Hidalgo,Mexico,3782,643,2726,413,"Hidalgo, Mexico",122.5370284,17.00158646
Himachal Pradesh,India,942,9,556,377,"Himachal Pradesh, India",12.64097811,0.955414013
Hiroshima,Japan,165,3,162,0,"Hiroshima, Japan",5.884079357,1.818181818
Hokkaido,Japan,1241,99,1048,94,"Hokkaido, Japan",23.63787462,7.97743755
Hong Kong,China,1203,7,1105,91,"Hong Kong, China",16.04644425,0.581878637
Huancavelica,Peru,890,11,0,879,"Huancavelica, Peru",243.6353682,1.235955056
Huanuco,Peru,2299,58,0,2241,"Huanuco, Peru",302.3806392,2.522836016
Hubei,China,68135,4512,63623,0,"Hubei, China",115.1512591,6.622147208
Huila,Colombia,325,14,244,67,"Huila, Colombia",29.53509041,4.307692308
Hunan,China,1019,4,1015,0,"Hunan, China",1.477025656,0.392541708
Hyogo,Japan,705,43,654,8,"Hyogo, Japan",12.89746606,6.09929078
Ibaraki,Japan,174,10,157,7,"Ibaraki, Japan",6.08326309,5.747126437
Ica,Peru,7407,470,0,6937,"Ica, Peru",759.5365053,6.345348994
Ingushetia Republic,Russia,3020,68,2449,503,"Ingushetia Republic, Russia",618.7979338,2.251655629
Inner Mongolia,China,238,1,237,0,"Inner Mongolia, China",0.939226519,0.420168067
Irkutsk Oblast,Russia,7043,56,2534,4453,"Irkutsk Oblast, Russia",292.9462876,0.795115718
Ishikawa,Japan,300,27,252,21,"Ishikawa, Japan",26.37017217,9
Islamabad,Pakistan,12775,128,7261,5386,"Islamabad, Pakistan",636.657942,1.001956947
Isle of Man,United Kingdom,336,24,312,0,"Isle of Man, United Kingdom",395.145357,7.142857143
Ivano-Frankivsk Oblast,Ukraine,2350,101,1096,1153,"Ivano-Frankivsk Oblast, Ukraine",171.1266395,4.29787234
Ivanovo Oblast,Russia,4621,43,2869,1709,"Ivanovo Oblast, Russia",455.4297755,0.930534516
Jalisco,Mexico,6497,662,4893,942,"Jalisco, Mexico",77.25609009,10.18931815
Jammu and Kashmir,India,7237,95,4585,2557,"Jammu and Kashmir, India",53.18851828,1.312698632
Jamtland Harjedalen,Sweden,1032,48,0,984,"Jamtland Harjedalen, Sweden",788.9305099,4.651162791
Jewish Autonomous Okrug,Russia,424,5,345,74,"Jewish Autonomous Okrug, Russia",261.7057785,1.179245283
Jharkhand,India,2426,15,1845,566,"Jharkhand, India",6.285959654,0.618301731
Jiangsu,China,654,0,653,1,"Jiangsu, China",0.812321451,0
Jiangxi,China,932,1,931,0,"Jiangxi, China",2.005163511,0.107296137
Jilin,China,155,2,153,0,"Jilin, China",0.573224852,1.290322581
Jonkoping,Sweden,3963,169,0,3794,"Jonkoping, Sweden",1089.936991,4.264446127
Junin,Peru,3821,135,0,3686,"Junin, Peru",280.6463459,3.533106517
Kabardino-Balkarian Republic,Russia,4958,53,3296,1609,"Kabardino-Balkarian Republic, Russia",572.6310537,1.068979427
Kagawa,Japan,28,0,28,0,"Kagawa, Japan",2.927807584,0
Kagoshima,Japan,11,0,10,1,"Kagoshima, Japan",0.686524706,0
Kaliningrad Oblast,Russia,2436,37,1409,990,"Kaliningrad Oblast, Russia",244.9228282,1.518883415
Kalmar,Sweden,614,51,0,563,"Kalmar, Sweden",250.1568573,8.306188925
Kalmykia Republic,Russia,1481,23,1041,417,"Kalmykia Republic, Russia",537.73787,1.553004727
Kaluga Oblast,Russia,5973,44,3507,2422,"Kaluga Oblast, Russia",590.1847329,0.736648251
Kamchatka Krai,Russia,2145,28,870,1247,"Kamchatka Krai, Russia",679.7504096,1.305361305
Kanagawa,Japan,1469,96,1304,69,"Kanagawa, Japan",15.97039791,6.535057862
Karachay-Cherkess Republic,Russia,3448,12,1382,2054,"Karachay-Cherkess Republic, Russia",739.4302013,0.348027842
Karelia Republic,Russia,1266,3,491,772,"Karelia Republic, Russia",203.3787214,0.236966825
Karnataka,India,14295,226,7683,6386,"Karnataka, India",21.15812862,1.580972368
Kemerovo Oblast,Russia,1622,9,713,900,"Kemerovo Oblast, Russia",60.18827575,0.55487053
Kerala,India,4189,22,2152,2015,"Kerala, India",11.73407664,0.525185008
Khabarovsk Krai,Russia,4140,28,2134,1978,"Khabarovsk Krai, Russia",311.6761098,0.676328502
Khakassia Republic,Russia,1844,15,1322,507,"Khakassia Republic, Russia",343.0614701,0.813449024
Khanty-Mansi Autonomous Okrug,Russia,8679,52,4305,4322,"Khanty-Mansi Autonomous Okrug, Russia",566.4245162,0.599147367
Kharkiv Oblast,Ukraine,2098,80,1070,948,"Kharkiv Oblast, Ukraine",78.41237735,3.813155386
Kherson Oblast,Ukraine,191,3,176,12,"Kherson Oblast, Ukraine",18.4071547,1.570680628
Khmelnytskyi Oblast,Ukraine,798,17,543,238,"Khmelnytskyi Oblast, Ukraine",63.09771844,2.130325815
Khyber Pakhtunkhwa,Pakistan,26115,935,12626,12554,"Khyber Pakhtunkhwa, Pakistan",85.55739142,3.580317825
Kiev,Ukraine,4980,108,1552,3320,"Kiev, Ukraine",168.7677918,2.168674699
Kiev Oblast,Ukraine,2546,50,1318,1178,"Kiev Oblast, Ukraine",144.0094121,1.963864886
Kirov Oblast,Russia,3179,35,2485,659,"Kirov Oblast, Russia",247.7326887,1.100975149
Kirovohrad Oblast,Ukraine,646,31,535,80,"Kirovohrad Oblast, Ukraine",68.32009764,4.79876161
Kochi,Japan,74,3,71,0,"Kochi, Japan",10.60127874,4.054054054
Komi Republic,Russia,3356,30,1549,1777,"Komi Republic, Russia",399.1090212,0.893921335
Kostroma Oblast,Russia,1565,17,879,669,"Kostroma Oblast, Russia",243.267778,1.086261981
Krasnodar Krai,Russia,5922,74,4636,1212,"Krasnodar Krai, Russia",105.6854564,1.249577845
Krasnoyarsk Krai,Russia,8760,115,3639,5006,"Krasnoyarsk Krai, Russia",304.537081,1.312785388
Kronoberg,Sweden,1063,94,0,969,"Kronoberg, Sweden",527.6245973,8.84289746
Kumamoto,Japan,48,3,45,0,"Kumamoto, Japan",2.746675807,6.25
Kurgan Oblast,Russia,753,1,420,332,"Kurgan Oblast, Russia",89.05583079,0.132802125
Kursk Oblast,Russia,5021,32,2892,2097,"Kursk Oblast, Russia",450.2182047,0.637323242
Kyoto,Japan,379,18,344,17,"Kyoto, Japan",14.67310528,4.749340369
La Guajira,Colombia,359,15,78,266,"La Guajira, Colombia",40.76951031,4.178272981
La Libertad,Peru,9856,568,0,9288,"La Libertad, Peru",488.6949623,5.762987013
La Rioja,Spain,4076,366,3107,603,"La Rioja, Spain",1299.865102,8.97939156
Ladakh,India,964,1,616,347,"Ladakh, India",351.4541232,0.10373444
Lambayeque,Peru,13572,741,0,12831,"Lambayeque, Peru",1035.39823,5.459770115
Lazio,Italy,8105,837,6428,840,"Lazio, Italy",137.8616594,10.32695867
Leningrad Oblast,Russia,4370,30,4154,186,"Leningrad Oblast, Russia",240.9285176,0.686498856
Liaoning,China,155,2,147,6,"Liaoning, China",0.355586144,1.290322581
Liguria,Italy,9974,1558,8139,277,"Liguria, Italy",643.2182841,15.6206136
Lima,Peru,157050,4420,0,152630,"Lima, Peru",1477.630898,2.814390322
Lipetsk Oblast,Russia,3741,16,2320,1405,"Lipetsk Oblast, Russia",325.2475002,0.42769313
Lombardia,Italy,93839,16640,66376,10823,"Lombardia, Italy",932.7400206,17.73249928
Loreto,Peru,8955,344,0,8611,"Loreto, Peru",871.4480343,3.841429369
Los Lagos,Chile,1642,21,1311,310,"Los Lagos, Chile",198.1397549,1.278928136
Los Rios,Chile,689,10,585,94,"Los Rios, Chile",179.036839,1.45137881
Luhansk Oblast,Ukraine,80,0,58,22,"Luhansk Oblast, Ukraine",3.717760625,0
Lviv Oblast,Ukraine,5292,143,741,4408,"Lviv Oblast, Ukraine",209.8317183,2.702191988
Macau,China,46,0,45,1,"Macau, China",7.08409436,0
Madhya Pradesh,India,13370,564,10199,2607,"Madhya Pradesh, India",15.66326396,4.218399402
Madre de Dios,Peru,1787,30,0,1757,"Madre de Dios, Peru",1028.193326,1.67879127
Madrid,Spain,71885,8421,40736,22728,"Madrid, Spain",1082.336631,11.71454406
Magadan Oblast,Russia,731,4,356,371,"Magadan Oblast, Russia",507.3182919,0.547195622
Magallanes,Chile,1440,15,1290,135,"Magallanes, Chile",864.6934842,1.041666667
Magdalena,Colombia,1752,111,729,912,"Magdalena, Colombia",130.5761299,6.335616438
Maharashtra,India,169883,7610,88960,73313,"Maharashtra, India",137.9545023,4.479553575
Manipur,India,1227,0,494,733,"Manipur, India",39.68889342,0
Manitoba,Canada,324,7,300,17,"Manitoba, Canada",23.52058087,2.160493827
Maranhao,Brazil,78969,2012,59100,17857,"Maranhao, Brazil",1116.141057,2.547835226
Marche,Italy,6785,991,5520,274,"Marche, Italy",444.8389827,14.60574797
Mari El Republic,Russia,2930,23,2818,89,"Mari El Republic, Russia",429.4091008,0.784982935
Martinique,France,242,14,98,130,"Martinique, France",64.48776198,5.785123967
Mato Grosso,Brazil,15086,582,5419,9085,"Mato Grosso, Brazil",432.9501278,3.85788148
Mato Grosso do Sul,Brazil,7676,75,4227,3374,"Mato Grosso do Sul, Brazil",276.2158572,0.977071391
Maule,Chile,5463,48,4005,1410,"Maule, Chile",522.800134,0.878638111
Mayotte,France,2560,32,2325,203,"Mayotte, France",938.3717052,1.25
Mecklenburg-Vorpommern,Germany,802,20,765,17,"Mecklenburg-Vorpommern, Germany",49.82372218,2.493765586
Meghalaya,India,47,1,42,4,"Meghalaya, India",1.396021635,2.127659574
Melilla,Spain,126,2,125,-1,"Melilla, Spain",148.7796526,1.587301587
Meta,Colombia,1220,14,966,240,"Meta, Colombia",117.3390579,1.147540984
Metropolitana,Chile,216896,4777,190688,21431,"Metropolitana, Chile",3049.372344,2.202438035
Mexico,Mexico,33696,4200,27457,2039,"Mexico, Mexico",193.3463738,12.46438746
Michoacan,Mexico,5568,441,4643,484,"Michoacan, Mexico",115.3893739,7.920258621
Mie,Japan,45,1,44,0,"Mie, Japan",2.526837825,2.222222222
Minas Gerais,Brazil,43864,940,25154,17770,"Minas Gerais, Brazil",207.2106999,2.142987416
Miyagi,Japan,94,1,88,5,"Miyagi, Japan",4.075677527,1.063829787
Miyazaki,Japan,17,0,17,0,"Miyazaki, Japan",1.583898645,0
Mizoram,India,148,0,55,93,"Mizoram, India",11.94276511,0
Molise,Italy,445,23,396,26,"Molise, Italy",145.6070834,5.168539326
Montserrat,United Kingdom,11,1,10,0,"Montserrat, United Kingdom",220.0440088,9.090909091
Moquegua,Peru,942,11,0,931,"Moquegua, Peru",488.8427608,1.167728238
Mordovia Republic,Russia,3359,26,2158,1175,"Mordovia Republic, Russia",417.2380555,0.774039893
Morelos,Mexico,2850,653,2007,190,"Morelos, Mexico",139.4285289,22.9122807
Moscow,Russia,220853,3761,148102,68990,"Moscow, Russia",1765.910247,1.702942681
Moscow Oblast,Russia,57269,875,34322,22072,"Moscow Oblast, Russia",763.24219,1.527877211
Murcia,Spain,1680,147,2180,-647,"Murcia, Spain",112.9288018,8.75
Murmansk Oblast,Russia,5093,13,3514,1566,"Murmansk Oblast, Russia",675.8612819,0.255252307
Mykolaiv Oblast,Ukraine,442,10,281,151,"Mykolaiv Oblast, Ukraine",17.52562726,2.262443439
Nagaland,India,434,0,168,266,"Nagaland, India",19.29150396,0
Nagano,Japan,76,0,76,0,"Nagano, Japan",3.709506587,0
Nagasaki,Japan,17,1,16,0,"Nagasaki, Japan",1.28154485,5.882352941
Nara,Japan,92,2,90,0,"Nara, Japan",6.916653573,2.173913043
Narino,Colombia,3184,111,1754,1319,"Narino, Colombia",195.2665044,3.486180905
Navarra,Spain,5463,528,3905,1030,"Navarra, Spain",840.5313672,9.66501922
Nayarit,Mexico,1676,195,1123,358,"Nayarit, Mexico",130.0665621,11.63484487
Nenets Autonomous Okrug,Russia,102,0,38,64,"Nenets Autonomous Okrug, Russia",231.8339887,0
New Brunswick,Canada,165,2,158,5,"New Brunswick, Canada",21.154036,1.212121212
New Caledonia,France,21,0,21,0,"New Caledonia, France",7.355748517,0
New South Wales,Australia,3189,49,2784,356,"New South Wales, Australia",39.28307465,1.536531828
Newfoundland and Labrador,Canada,261,3,258,0,"Newfoundland and Labrador, Canada",50.06089784,1.149425287
Niedersachsen,Germany,13502,630,12100,772,"Niedersachsen, Germany",169.1461066,4.665975411
Niigata,Japan,83,0,81,2,"Niigata, Japan",3.733515181,0
Ningxia,China,75,0,75,0,"Ningxia, China",1.090116279,0
Nizhny Novgorod Oblast,Russia,17278,229,10658,6391,"Nizhny Novgorod Oblast, Russia",534.1367746,1.325384883
Nordrhein-Westfalen,Germany,42869,1678,37700,3491,"Nordrhein-Westfalen, Germany",239.0555641,3.914250391
Norrbotten,Sweden,1233,60,0,1173,"Norrbotten, Sweden",493.0165978,4.866180049
Norte de Santander,Colombia,323,20,156,147,"Norte de Santander, Colombia",21.65330709,6.191950464
North Ossetia - Alania Republic,Russia,3984,67,3505,412,"North Ossetia - Alania Republic, Russia",567.7114134,1.681726908
Northern Ireland,United Kingdom,4880,550,0,4330,"Northern Ireland, United Kingdom",259.3537415,11.2704918
Northern Mariana Islands,US,30,2,0,28,"Northern Mariana Islands, US",54.40301755,6.666666667
Northern Territory,Australia,29,0,29,0,"Northern Territory, Australia",11.80781759,0
Northwest Territories,Canada,5,0,5,0,"Northwest Territories, Canada",11.13486549,0
Nova Scotia,Canada,1061,63,998,0,"Nova Scotia, Canada",108.5469744,5.937794533
Novgorod Oblast,Russia,2839,25,756,2058,"Novgorod Oblast, Russia",468.1141546,0.880591758
Novosibirsk Oblast,Russia,5876,93,3392,2391,"Novosibirsk Oblast, Russia",210.6962406,1.582709326
Nuble,Chile,2384,32,1970,382,"Nuble, Chile",496.0373193,1.342281879
Nuevo Leon,Mexico,5282,309,4043,930,"Nuevo Leon, Mexico",94.15072994,5.850056797
Oaxaca,Mexico,5175,572,3996,607,"Oaxaca, Mexico",124.8916098,11.0531401
Odessa Oblast,Ukraine,1632,21,736,875,"Odessa Oblast, Ukraine",68.56255577,1.286764706
Odisha,India,6859,23,4946,1890,"Odisha, India",14.79625201,0.335325849
OHiggins,Chile,5844,69,3716,2059,"OHiggins, Chile",638.9992947,1.180698152
Oita,Japan,60,1,59,0,"Oita, Japan",5.284322999,1.666666667
Okayama,Japan,26,0,25,1,"Okayama, Japan",1.375962777,0
Okinawa,Japan,145,7,138,0,"Okinawa, Japan",9.978199355,4.827586207
Omsk Oblast,Russia,3533,30,1984,1519,"Omsk Oblast, Russia",180.247653,0.849136711
Ontario,Canada,36823,2726,31716,2381,"Ontario, Canada",250.2952217,7.402981832
Orebro,Sweden,2316,161,0,2155,"Orebro, Sweden",759.8300553,6.95164076
Orel Oblast,Russia,4480,59,2706,1715,"Orel Oblast, Russia",599.5340229,1.316964286
Orenburg Oblast,Russia,3700,18,2649,1033,"Orenburg Oblast, Russia",187.0841171,0.486486487
Osaka,Japan,1828,86,1705,37,"Osaka, Japan",20.75064905,4.704595186
Ostergotland,Sweden,3174,224,0,2950,"Ostergotland, Sweden",681.8547997,7.057340895
P.A. Bolzano,Italy,2639,292,2262,85,"P.A. Bolzano, Italy",495.756296,11.06479727
P.A. Trento,Italy,4863,405,4405,53,"P.A. Trento, Italy",898.1969569,8.328192474
Pais Vasco,Spain,13772,1556,16160,-3944,"Pais Vasco, Spain",632.358073,11.29828638
Para,Brazil,101207,4870,88719,7618,"Para, Brazil",1176.433665,4.811920124
Paraiba,Brazil,45057,931,14232,29894,"Paraiba, Brazil",1121.343352,2.066271612
Parana,Brazil,21326,613,5110,15603,"Parana, Brazil",186.5146073,2.874425584
Pasco,Peru,1091,20,0,1071,"Pasco, Peru",401.2504597,1.833180568
Penza Oblast,Russia,4893,40,4511,342,"Penza Oblast, Russia",367.437512,0.81749438
Perm Krai,Russia,3637,78,2679,880,"Perm Krai, Russia",138.6515763,2.144624691
Pernambuco,Brazil,58476,4782,39956,13738,"Pernambuco, Brazil",611.8611026,8.177713934
Piaui,Brazil,19753,643,18878,232,"Piaui, Brazil",603.4717421,3.255201742
Piemonte,Italy,31338,4087,25761,1490,"Piemonte, Italy",719.3544403,13.04167464
Piura,Peru,16746,748,0,15998,"Piura, Peru",817.6757813,4.466738326
Poltava Oblast,Ukraine,312,13,268,31,"Poltava Oblast, Ukraine",22.27872831,4.166666667
Port Quarantine,Japan,315,1,189,125,"Port Quarantine, Japan",,0.317460318
Primorsky Krai,Russia,4226,42,2688,1496,"Primorsky Krai, Russia",220.9052935,0.99384761
Prince Edward Island,Canada,27,0,27,0,"Prince Edward Island, Canada",17.07153606,0
Pskov Oblast,Russia,2722,21,918,1783,"Pskov Oblast, Russia",427.6203134,0.77149155
Puducherry,India,619,10,221,388,"Puducherry, India",43.79070449,1.615508885
Puebla,Mexico,10227,1241,7354,1632,"Puebla, Mexico",154.8501155,12.13454581
Puerto Rico,US,7250,153,0,7097,"Puerto Rico, US",247.1527997,2.110344828
Puglia,Italy,4531,543,3843,145,"Puglia, Italy",112.4581881,11.98410947
Punjab,India,5418,138,3764,1516,"Punjab, India",17.97529263,2.547065338
Punjab,Pakistan,75501,1727,27147,46627,"Punjab, Pakistan",68.62951011,2.287386922
Puno,Peru,943,19,0,924,"Puno, Peru",76.17124394,2.014846235
Putumayo,Colombia,22,6,9,7,"Putumayo, Colombia",6.31853456,27.27272727
Qinghai,China,18,0,18,0,"Qinghai, China",0.298507463,0
Quebec,Canada,55390,5485,24602,25303,"Quebec, Canada",648.7715507,9.902509478
Queensland,Australia,1067,6,1054,7,"Queensland, Australia",20.85817613,0.562324274
Queretaro,Mexico,1935,278,1436,221,"Queretaro, Mexico",84.88193515,14.36692506
Quindio,Colombia,160,5,115,40,"Quindio, Colombia",29.63489806,3.125
Quintana Roo,Mexico,3539,565,2369,605,"Quintana Roo, Mexico",205.3666918,15.96496185
Rajasthan,India,17660,405,13618,3637,"Rajasthan, India",21.79367391,2.293318233
Recovered,US,0,0,705203,-793690,"Recovered, US",,0
Reunion,France,522,2,472,48,"Reunion, France",58.30395797,0.383141763
Rheinland-Pfalz,Germany,6987,235,6590,162,"Rheinland-Pfalz, Germany",171.0469237,3.363389151
Rio de Janeiro,Brazil,111883,9848,92161,9874,"Rio de Janeiro, Brazil",648.0357335,8.802052144
Rio Grande do Norte,Brazil,29721,994,2904,25823,"Rio Grande do Norte, Brazil",847.5120001,3.344436594
Rio Grande do Sul,Brazil,25659,582,20625,4452,"Rio Grande do Sul, Brazil",225.5292343,2.268209985
Risaralda,Colombia,508,12,279,217,"Risaralda, Colombia",53.84772753,2.362204724
Rivne Oblast,Ukraine,3638,68,1752,1818,"Rivne Oblast, Ukraine",314.3521003,1.869158879
Rondonia,Brazil,20406,500,8080,11826,"Rondonia, Brazil",1148.194517,2.450259728
Roraima,Brazil,14459,281,4370,9808,"Roraima, Brazil",2386.914971,1.94342624
Rostov Oblast,Russia,9517,120,5516,3881,"Rostov Oblast, Russia",225.4971742,1.260901545
Ryazan Oblast,Russia,5154,19,3398,1737,"Ryazan Oblast, Russia",459.5737396,0.368645712
Saarland,Germany,2806,173,2577,56,"Saarland, Germany",283.288693,6.165359943
Sachsen,Germany,5444,222,5105,117,"Sachsen, Germany",133.4988746,4.077883909
Sachsen-Anhalt,Germany,1873,58,1718,97,"Sachsen-Anhalt, Germany",84.81556803,3.096636412
Saga,Japan,45,0,45,0,"Saga, Japan",5.523431008,0
Saint Barthelemy,France,6,0,6,0,"Saint Barthelemy, France",60.69802731,0
Saint Petersburg,Russia,23954,1105,17056,5793,"Saint Petersburg, Russia",447.5764373,4.613008266
Saint Pierre and Miquelon,France,1,0,1,0,"Saint Pierre and Miquelon, France",17.25625539,0
Saitama,Japan,1122,65,951,106,"Saitama, Japan",15.26594376,5.793226381
Sakha (Yakutiya) Republic,Russia,4178,29,2866,1283,"Sakha (Yakutiya) Republic, Russia",433.2541765,0.694112015
Sakhalin Oblast,Russia,771,0,275,496,"Sakhalin Oblast, Russia",157.2888382,0
Samara Oblast,Russia,4786,53,2635,2098,"Samara Oblast, Russia",149.8662602,1.107396573
San Andres y Providencia,Colombia,24,1,17,6,"San Andres y Providencia, Colombia",39.16449086,4.166666667
San Luis Potosi,Mexico,3018,148,2227,643,"San Luis Potosi, Mexico",105.2983418,4.903909874
San Martin,Peru,4696,144,0,4552,"San Martin, Peru",522.0097821,3.066439523
Santa Catarina,Brazil,25056,324,18694,6038,"Santa Catarina, Brazil",349.7102775,1.293103448
Santander,Colombia,646,14,168,464,"Santander, Colombia",29.56742311,2.167182663
Sao Paulo,Brazil,275145,14398,49295,211452,"Sao Paulo, Brazil",599.1957717,5.23287721
Saratov Oblast,Russia,6334,43,3206,3085,"Saratov Oblast, Russia",257.1712783,0.678875908
Sardegna,Italy,1364,132,1218,14,"Sardegna, Italy",83.19147885,9.677419355
Saskatchewan,Canada,779,13,679,87,"Saskatchewan, Canada",65.92387358,1.668806162
Schleswig-Holstein,Germany,3147,152,2990,5,"Schleswig-Holstein, Germany",108.6404171,4.829996822
Scotland,United Kingdom,15818,2482,0,13336,"Scotland, United Kingdom",289.5319679,15.69098495
Sergipe,Brazil,24817,653,8115,16049,"Sergipe, Brazil",1079.612093,2.631260829
Sevastopol*,Ukraine,229,4,174,51,"Sevastopol*, Ukraine",51.66839271,1.746724891
Shaanxi,China,320,3,308,9,"Shaanxi, China",0.82815735,0.9375
Shandong,China,792,7,785,0,"Shandong, China",0.788295013,0.883838384
Shanghai,China,712,7,675,30,"Shanghai, China",2.937293729,0.983146067
Shanxi,China,198,0,198,0,"Shanxi, China",0.532544379,0
Shiga,Japan,101,1,99,1,"Shiga, Japan",7.143145091,0.99009901
Shimane,Japan,24,0,23,1,"Shimane, Japan",3.559003835,0
Shizuoka,Japan,82,1,75,6,"Shizuoka, Japan",2.250565935,1.219512195
Sichuan,China,595,3,578,14,"Sichuan, China",0.713343724,0.504201681
Sicilia,Italy,3078,281,2670,127,"Sicilia, Italy",61.56134204,9.129304743
Sikkim,India,88,0,50,38,"Sikkim, India",12.74898551,0
Sinaloa,Mexico,8111,1257,6484,370,"Sinaloa, Mexico",256.9476607,15.49747257
Sindh,Pakistan,81985,1343,45616,35026,"Sindh, Pakistan",171.2085217,1.638104531
Sint Maarten,Netherlands,77,15,62,0,"Sint Maarten, Netherlands",179.5625204,19.48051948
Skane,Sweden,3020,244,0,2776,"Skane, Sweden",219.1857178,8.079470199
Smolensk Oblast,Russia,4544,65,2283,2196,"Smolensk Oblast, Russia",478.6442906,1.430457746
Sonora,Mexico,7407,689,6125,593,"Sonora, Mexico",240.8980257,9.302011611
Sormland,Sweden,2074,242,0,1832,"Sormland, Sweden",697.0491363,11.66827387
South Australia,Australia,443,4,436,3,"South Australia, Australia",25.22060917,0.902934537
St Martin,France,43,3,37,3,"St Martin, France",111.2289506,6.976744186
Stavropol Krai,Russia,5063,95,2850,2118,"Stavropol Krai, Russia",180.7779127,1.876357891
Stockholm,Sweden,19892,2298,0,17594,"Stockholm, Sweden",836.8246602,11.55238287
Sucre,Colombia,1092,51,98,943,"Sucre, Colombia",120.6812523,4.67032967
Sumy Oblast,Ukraine,296,5,219,72,"Sumy Oblast, Ukraine",27.37146968,1.689189189
Sverdlovsk Oblast,Russia,12516,93,7309,5114,"Sverdlovsk Oblast, Russia",289.3701552,0.743048897
Tabasco,Mexico,10463,1032,8254,1177,"Tabasco, Mexico",406.7586548,9.863327917
Tacna,Peru,888,9,0,879,"Tacna, Peru",239.3530997,1.013513514
Tamaulipas,Mexico,5819,359,4371,1089,"Tamaulipas, Mexico",159.3983677,6.169444922
Tambov Oblast,Russia,4681,19,2775,1887,"Tambov Oblast, Russia",452.9041596,0.405896176
Tamil Nadu,India,86224,1141,47749,37334,"Tamil Nadu, India",110.7690089,1.323297458
Tarapaca,Chile,5974,91,5068,815,"Tarapaca, Chile",1807.24714,1.523267492
Tasmania,Australia,228,13,215,0,"Tasmania, Australia",42.57703081,5.701754386
Tatarstan Republic,Russia,4514,11,3695,808,"Tatarstan Republic, Russia",115.9134773,0.243686309
Telangana,India,15394,253,5582,9559,"Telangana, India",39.10805785,1.643497467
Ternopil Oblast,Ukraine,1913,28,1139,746,"Ternopil Oblast, Ukraine",182.9083479,1.463669629
Thuringen,Germany,3250,181,3020,49,"Thuringen, Germany",151.6462955,5.569230769
Tianjin,China,198,3,194,1,"Tianjin, China",1.269230769,1.515151515
Tibet,China,1,0,1,0,"Tibet, China",0.029069767,0
Tlaxcala,Mexico,2439,314,1856,269,"Tlaxcala, Mexico",176.7377217,12.87412874
Tocantins,Brazil,10359,195,6103,4061,"Tocantins, Brazil",658.6066454,1.882421083
Tochigi,Japan,76,0,65,11,"Tochigi, Japan",3.92969974,0
Tokushima,Japan,6,1,4,1,"Tokushima, Japan",0.824201864,16.66666667
Tokyo,Japan,6181,325,5346,510,"Tokyo, Japan",44.40162081,5.258048859
Tolima,Colombia,823,22,308,493,"Tolima, Colombia",61.87100009,2.673147023
Tomsk Oblast,Russia,2197,14,963,1220,"Tomsk Oblast, Russia",203.7504173,0.63723259
Toscana,Italy,10248,1104,8817,327,"Toscana, Italy",274.7717542,10.77283372
Tottori,Japan,3,0,3,0,"Tottori, Japan",0.539997624,0
Toyama,Japan,227,22,205,0,"Toyama, Japan",21.75367177,9.691629956
Tripura,India,1380,1,1085,294,"Tripura, India",33.0951601,0.072463768
Tula Oblast,Russia,6613,103,5450,1060,"Tula Oblast, Russia",443.2736425,1.557538182
Tumbes,Peru,2641,120,0,2521,"Tumbes, Peru",1050.099404,4.543733434
Turks and Caicos Islands,United Kingdom,41,1,11,29,"Turks and Caicos Islands, United Kingdom",105.8938995,2.43902439
Tver Oblast,Russia,3574,68,2343,1163,"Tver Oblast, Russia",278.3764438,1.902630106
Tyumen Oblast,Russia,3018,17,1756,1245,"Tyumen Oblast, Russia",81.73545661,0.563286945
Tyva Republic,Russia,4361,3,1095,3263,"Tyva Republic, Russia",1355.518118,0.068791562
Ucayali,Peru,7668,152,0,7516,"Ucayali, Peru",1301.64658,1.982263954
Udmurt Republic,Russia,1400,16,1000,384,"Udmurt Republic, Russia",92.52870373,1.142857143
Ulyanovsk Oblast,Russia,5674,36,2909,2729,"Ulyanovsk Oblast, Russia",455.1514578,0.634473035
Umbria,Italy,1440,80,1351,9,"Umbria, Italy",163.2625295,5.555555556
Unknown,Chile,0,0,138,-138,"Unknown, Chile",,0
Unknown,Colombia,113,0,0,113,"Unknown, Colombia",,0
Unknown,Germany,1091,0,0,1091,"Unknown, Germany",,0
Unknown,India,7004,0,0,7004,"Unknown, India",,0
Unknown,Japan,8,0,0,8,"Unknown, Japan",,0
Unknown,Peru,0,0,171159,-171159,"Unknown, Peru",,0
Unknown,Spain,0,0,0,0,"Unknown, Spain",,0
Unknown,United Kingdom,115159,0,0,115159,"Unknown, United Kingdom",,0
Uppsala,Sweden,3204,226,0,2978,"Uppsala, Sweden",834.9990748,7.053682896
Uttar Pradesh,India,22828,672,15506,6650,"Uttar Pradesh, India",9.596325248,2.943753285
Uttarakhand,India,2831,39,2111,681,"Uttarakhand, India",25.16252538,1.377605087
Valle d'Aosta,Italy,1194,146,1045,3,"Valle d'Aosta, Italy",950.1376665,12.2278057
Valle del Cauca,Colombia,9468,403,4286,4779,"Valle del Cauca, Colombia",211.5335377,4.256442755
Valparaiso,Chile,11541,229,9085,2227,"Valparaiso, Chile",635.5519186,1.984230136
Varmland,Sweden,940,66,0,874,"Varmland, Sweden",332.844689,7.021276596
Vasterbotten,Sweden,694,31,0,663,"Vasterbotten, Sweden",255.3949421,4.46685879
Vasternorrland,Sweden,1338,112,0,1226,"Vasternorrland, Sweden",545.3500552,8.370702541
Vastmanland,Sweden,2215,161,0,2054,"Vastmanland, Sweden",802.9871848,7.268623025
Vastra Gotaland,Sweden,15006,745,0,14261,"Vastra Gotaland, Sweden",869.4689842,4.964680794
Vaupes,Colombia,28,0,12,16,"Vaupes, Colombia",68.63249749,0
Veneto,Italy,19278,2008,16808,462,"Veneto, Italy",392.9591056,10.41601826
Veracruz,Mexico,9973,1522,7362,1089,"Veracruz, Mexico",116.7817466,15.26120525
Vichada,Colombia,1,0,1,0,"Vichada, Colombia",0.927574948,0
Victoria,Australia,2159,20,1816,323,"Victoria, Australia",32.56459373,0.926354794
Vinnytsia Oblast,Ukraine,1846,28,1179,639,"Vinnytsia Oblast, Ukraine",118.3034541,1.516793066
Virgin Islands,US,81,6,0,75,"Virgin Islands, US",75.51180222,7.407407407
Vladimir Oblast,Russia,4314,63,2573,1678,"Vladimir Oblast, Russia",312.9858663,1.460361613
Volgograd Oblast,Russia,6232,37,2866,3329,"Volgograd Oblast, Russia",247.1764297,0.593709885
Vologda Oblast,Russia,1586,17,1154,415,"Vologda Oblast, Russia",134.7849772,1.071878941
Volyn Oblast,Ukraine,2312,60,693,1559,"Volyn Oblast, Ukraine",223.3104421,2.595155709
Voronezh Oblast,Russia,7409,35,4234,3140,"Voronezh Oblast, Russia",317.4694314,0.472398434
Wakayama,Japan,64,3,60,1,"Wakayama, Japan",6.919420109,4.6875
Wales,United Kingdom,15717,1507,0,14210,"Wales, United Kingdom",500.7646721,9.588343832
West Bengal,India,17907,653,11719,5535,"West Bengal, India",17.97723652,3.646618641
Western Australia,Australia,611,9,598,4,"Western Australia, Australia",23.22664031,1.47299509
Xinjiang,China,76,3,73,0,"Xinjiang, China",0.305589063,3.947368421
Yamagata,Japan,69,0,68,1,"Yamagata, Japan",6.402725891,0
Yamaguchi,Japan,37,0,37,0,"Yamaguchi, Japan",2.723921033,0
Yamalo-Nenets Autonomous Okrug,Russia,5332,37,2282,3013,"Yamalo-Nenets Autonomous Okrug, Russia",990.0714329,0.693923481
Yamanashi,Japan,74,1,71,2,"Yamanashi, Japan",9.125032677,1.351351351
Yaroslavl Oblast,Russia,4741,19,3041,1681,"Yaroslavl Oblast, Russia",374.580069,0.400759334
Yucatan,Mexico,4223,398,2759,1066,"Yucatan, Mexico",186.9330149,9.424579683
Yukon,Canada,11,0,11,0,"Yukon, Canada",26.77832416,0
Yunnan,China,185,2,183,0,"Yunnan, China",0.383022774,1.081081081
Zabaykalsky Krai,Russia,3038,41,1854,1143,"Zabaykalsky Krai, Russia",283.1826071,1.349572087
Zacatecas,Mexico,887,93,608,186,"Zacatecas, Mexico",53.22768608,10.48478016
Zakarpattia Oblast,Ukraine,2792,87,943,1762,"Zakarpattia Oblast, Ukraine",222.1511423,3.116045845
Zaporizhia Oblast,Ukraine,570,17,418,135,"Zaporizhia Oblast, Ukraine",33.41470106,2.98245614
Zhejiang,China,1269,1,1267,1,"Zhejiang, China",2.211957469,0.078802206
Zhytomyr Oblast,Ukraine,1404,29,746,629,"Zhytomyr Oblast, Ukraine",115.0637645,2.065527066
,Afghanistan,31238,733,13934,16571,Afghanistan,80.24487866,2.346501056
,Albania,2466,58,1438,970,Albania,85.69045799,2.351987024
,Algeria,13571,905,9674,2992,Algeria,30.94795259,6.668631641
,Andorra,855,52,799,4,Andorra,1106.581246,6.081871345
,Angola,276,11,93,172,Angola,0.839766779,3.985507246
,Antigua and Barbuda,69,3,22,44,Antigua and Barbuda,70.45992974,4.347826087
,Argentina,62268,1280,21138,39850,Argentina,137.7739341,2.0556305
,Armenia,25127,433,13297,11397,Armenia,847.958683,1.723245911
,Austria,17723,703,16420,600,Austria,196.7822882,3.966597077
,Azerbaijan,16968,206,9369,7393,Azerbaijan,167.3508939,1.214049976
,Bahamas,104,11,87,6,Bahamas,26.44641549,10.57692308
,Bahrain,26239,84,20928,5227,Bahrain,1542.034682,0.320134152
,Bangladesh,141801,1783,57780,82238,Bangladesh,86.10208953,1.257395928
,Barbados,97,7,90,0,Barbados,33.75427583,7.216494845
,Belarus,61790,387,45213,16190,Belarus,653.9094185,0.626314938
,Belgium,61361,9732,16941,34688,Belgium,529.4480853,15.86023696
,Belize,24,2,18,4,Belize,6.035898506,8.333333333
,Benin,1187,19,323,845,Benin,9.791145868,1.600673968
,Bhutan,77,0,44,33,Bhutan,9.979108671,0
,Bolivia,32125,1071,8928,22126,Bolivia,275.2070607,3.33385214
,Bosnia and Herzegovina,4325,184,2366,1775,Bosnia and Herzegovina,131.8270003,4.25433526
,Botswana,175,1,25,149,Botswana,7.44166268,0.571428571
,Brunei,141,3,138,0,Brunei,32.22982379,2.127659574
,Bulgaria,4831,223,2582,2026,Bulgaria,69.52634726,4.616021528
,Burkina Faso,959,53,830,76,Burkina Faso,4.587797187,5.526590198
,Burma,299,6,221,72,Burma,0.549533417,2.006688963
,Burundi,170,1,115,54,Burundi,1.429679009,0.588235294
,Cabo Verde,1165,12,608,545,Cabo Verde,209.5368965,1.030042918
,Cambodia,141,0,130,11,Cambodia,0.843353338,0
,Cameroon,12592,313,10100,2179,Cameroon,47.43488477,2.48570521
,Central African Republic,3613,47,773,2793,Central African Republic,74.80696779,1.300858013
,Chad,866,74,781,11,Chad,5.272174807,8.545034642
,Comoros,272,7,161,104,Comoros,31.2789287,2.573529412
,Congo (Brazzaville),1087,37,456,594,Congo (Brazzaville),19.69883793,3.403863845
,Congo (Kinshasa),6939,167,1050,5722,Congo (Kinshasa),7.747757058,2.406686842
,Costa Rica,3269,15,1394,1860,Costa Rica,64.17210137,0.458855919
,Cote d'Ivoire,9214,66,3996,5152,Cote d'Ivoire,34.93025984,0.716301281
,Croatia,2725,107,2155,463,Croatia,66.37812684,3.926605505
,Cuba,2340,86,2211,43,Cuba,20.65930371,3.675213675
,Cyprus,996,19,833,144,Cyprus,82.49396825,1.907630522
,Czechia,11805,348,7746,3711,Czechia,110.2345676,2.947903431
,Denmark,12751,605,11612,534,Denmark,220.1407651,4.744725904
,Diamond Princess,712,13,651,48,Diamond Princess,,1.825842697
,Djibouti,4656,53,4433,170,Djibouti,471.2541068,1.138316151
,Dominica,18,0,18,0,Dominica,25.00312539,0
,Dominican Republic,31816,733,17280,13803,Dominican Republic,293.291681,2.303872266
,Ecuador,55665,4502,27430,23733,Ecuador,315.5064938,8.087667295
,Egypt,66754,2872,17951,45931,Egypt,65.23123998,4.302363903
,El Salvador,6173,164,3648,2361,El Salvador,95.17127206,2.656730925
,Equatorial Guinea,2001,32,515,1454,Equatorial Guinea,142.6244757,1.5992004
,Eritrea,191,0,53,138,Eritrea,5.385702286,0
,Estonia,1987,69,1818,100,Estonia,149.7882836,3.472571716
,Eswatini,795,11,380,404,Eswatini,68.52479477,1.383647799
,Ethiopia,5846,103,2430,3313,Ethiopia,5.085088554,1.761888471
,Fiji,18,0,18,0,Fiji,2.007933569,0
,Finland,7209,328,6600,281,Finland,130.1094912,4.54986822
,France,194109,29736,71595,92778,France,297.3779012,15.31922786
,Gabon,5394,42,2420,2932,Gabon,242.3476723,0.778642937
,Gambia,47,2,26,19,Gambia,1.944829732,4.255319149
,Georgia,926,15,791,120,Georgia,23.21281969,1.61987041
,Ghana,17351,112,12994,4245,Ghana,55.83957362,0.645495937
,Greece,3390,191,1374,1825,Greece,32.52405053,5.634218289
,Grenada,23,0,23,0,Grenada,20.44099219,0
,Guatemala,17409,746,3170,13493,Guatemala,97.17247576,4.28513987
,Guinea,5351,31,4296,1024,Guinea,40.74533427,0.579330966
,Guinea-Bissau,1654,24,317,1313,Guinea-Bissau,84.04480086,1.451027811
,Guyana,235,12,114,109,Guyana,29.87697045,5.106382979
,Haiti,5933,105,839,4989,Haiti,52.03229844,1.769762346
,Holy See,12,0,12,0,Holy See,1483.312732,0
,Honduras,18818,485,1961,16372,Honduras,189.9923753,2.577319588
,Hungary,4145,585,2685,875,Hungary,42.90734808,14.11338963
,Iceland,1840,10,1818,12,Iceland,539.1941392,0.543478261
,Indonesia,55092,2805,23800,28487,Indonesia,20.1415877,5.091483337
,Iran,225205,10670,186180,28355,Iran,268.1236841,4.737905464
,Iraq,47151,1839,22974,22338,Iraq,117.2254248,3.900235414
,Ireland,25462,1735,23364,363,Ireland,515.6551627,6.814075878
,Israel,24441,319,17218,6904,Israel,282.3740307,1.305183912
,Jamaica,698,10,553,135,Jamaica,23.57183551,1.432664756
,Jordan,1128,9,867,252,Jordan,11.05542019,0.79787234
,Kazakhstan,21819,188,13008,8623,Kazakhstan,116.2024843,0.861634355
,Kenya,6190,144,2013,4033,Kenya,11.51171722,2.326332795
,"Korea, South",12800,282,11537,981,"Korea, South",24.96626482,2.203125
,Kosovo,2677,49,1425,1203,Kosovo,147.8706516,1.830407172
,Kuwait,45524,350,36313,8861,Kuwait,1065.99528,0.768825235
,Kyrgyzstan,5296,57,2370,2869,Kyrgyzstan,81.17481539,1.076283988
,Laos,19,0,19,0,Laos,0.261148426,0
,Latvia,1117,30,932,155,Latvia,59.21953216,2.685765443
,Lebanon,1745,34,1170,541,Lebanon,25.56610986,1.948424069
,Lesotho,27,0,4,23,Lesotho,1.260355925,0
,Liberia,770,36,312,422,Liberia,15.22438068,4.675324675
,Libya,802,23,206,573,Libya,11.67175814,2.867830424
,Liechtenstein,82,1,81,0,Liechtenstein,215.0142906,1.219512195
,Lithuania,1816,78,1512,226,Lithuania,66.70851867,4.295154185
,Luxembourg,4256,110,3997,149,Luxembourg,679.8982709,2.584586466
,MS Zaandam,9,2,0,7,MS Zaandam,,22.22222222
,Madagascar,2138,20,966,1152,Madagascar,7.720914857,0.935453695
,Malawi,1152,13,260,879,Malawi,6.02196921,1.128472222
,Malaysia,8637,121,8334,182,Malaysia,26.68541227,1.400949404
,Maldives,2337,8,1927,402,Maldives,432.3438327,0.342319213
,Mali,2173,115,1447,611,Mali,10.73042226,5.292222734
,Malta,670,9,639,22,Malta,151.7419752,1.343283582
,Mauritania,4237,128,1497,2612,Mauritania,91.12494247,3.021005428
,Mauritius,341,10,326,5,Mauritius,26.81308762,2.93255132
,Moldova,16357,536,9229,6592,Moldova,405.4821524,3.276884514
,Monaco,103,4,95,4,Monaco,262.4605035,3.883495146
,Mongolia,220,0,175,45,Mongolia,6.710811606,0
,Montenegro,501,11,315,175,Montenegro,79.76919476,2.195608782
,Morocco,12290,225,8833,3232,Morocco,33.29670605,1.830756713
,Mozambique,883,6,229,648,Mozambique,2.825108657,0.679501699
,Namibia,196,0,24,172,Namibia,7.713753623,0
,Nepal,13248,29,3134,10085,Nepal,45.46826131,0.218900966
,Netherlands,50223,6107,0,44116,Netherlands,293.1040108,12.15976744
,New Zealand,1528,22,1484,22,New Zealand,31.68656512,1.439790576
,Nicaragua,2170,74,1238,858,Nicaragua,32.7569222,3.410138249
,Niger,1075,67,939,69,Niger,4.440930991,6.23255814
,Nigeria,25133,573,9402,15158,Nigeria,12.1922239,2.279871086
,North Macedonia,6209,298,2427,3484,North Macedonia,298.0253242,4.799484619
,Norway,8862,249,8138,475,Norway,163.4680761,2.809749492
,Oman,39060,169,22422,16469,Oman,764.8891968,0.432667691
,Panama,32785,620,15595,16570,Panama,759.8322784,1.891108739
,Papua New Guinea,11,0,8,3,Papua New Guinea,0.122945868,0
,Paraguay,2191,16,1080,1095,Paraguay,30.71841268,0.730260155
,Philippines,36438,1255,9956,25227,Philippines,33.25208908,3.444206598
,Poland,34154,1444,20897,11813,Poland,90.24323318,4.227908883
,Portugal,41912,1568,27205,13139,Portugal,411.0346605,3.741171979
,Qatar,95106,113,80170,14823,Qatar,3301.076687,0.118814796
,Romania,26582,1634,18912,6036,Romania,138.1767304,6.147016778
,Rwanda,1001,2,443,556,Rwanda,7.728411424,0.1998002
,Saint Kitts and Nevis,15,0,15,0,Saint Kitts and Nevis,28.19972928,0
,Saint Lucia,19,0,19,0,Saint Lucia,10.34694956,0
,Saint Vincent and the Grenadines,29,0,29,0,Saint Vincent and the Grenadines,26.13860672,0
,San Marino,698,42,656,0,San Marino,2056.691614,6.017191977
,Sao Tome and Principe,713,13,235,465,Sao Tome and Principe,325.3316055,1.823281907
,Saudi Arabia,186436,1599,127118,57719,Saudi Arabia,535.5222389,0.857666974
,Senegal,6698,108,4341,2249,Senegal,40.00255615,1.612421618
,Serbia,14288,274,12581,1433,Serbia,163.5274688,1.917693169
,Seychelles,77,0,11,66,Seychelles,78.29977629,0
,Sierra Leone,1450,60,961,429,Sierra Leone,18.1772938,4.137931034
,Singapore,43661,26,37985,5650,Singapore,746.298123,0.059549713
,Slovakia,1665,28,1464,173,Slovakia,30.4964995,1.681681682
,Slovenia,1585,111,1384,90,Slovenia,76.24106993,7.003154574
,Somalia,2904,90,910,1904,Somalia,18.27194353,3.099173554
,South Africa,144264,2529,70614,71121,South Africa,243.2426007,1.7530361
,South Sudan,1989,36,246,1707,South Sudan,17.76887756,1.809954751
,Sri Lanka,2039,11,1678,350,Sri Lanka,9.522141665,0.539480137
,Sudan,9257,572,4014,4671,Sudan,21.11095626,6.179107702
,Suriname,501,13,217,271,Suriname,85.40248264,2.594810379
,Switzerland,31652,1962,29100,590,Switzerland,365.7238251,6.198660432
,Syria,269,9,102,158,Syria,1.537085151,3.345724907
,Taiwan*,447,7,435,5,Taiwan*,1.876828412,1.565995526
,Tajikistan,5900,52,4506,1342,Tajikistan,61.86015369,0.881355932
,Tanzania,509,21,183,305,Tanzania,0.852107987,4.125736739
,Thailand,3169,58,3053,58,Thailand,4.540116044,1.830230357
,Timor-Leste,24,0,24,0,Timor-Leste,1.82033036,0
,Togo,643,14,401,228,Togo,7.766885214,2.177293935
,Trinidad and Tobago,126,8,109,9,Trinidad and Tobago,9.003273333,6.349206349
,Tunisia,1172,50,1029,93,Tunisia,9.91655708,4.266211604
,Turkey,198613,5115,171809,21689,Turkey,235.4934754,2.575360122
,Uganda,870,0,808,62,Uganda,1.902013511,0
,United Arab Emirates,48246,314,37076,10856,United Arab Emirates,487.8063577,0.650831157
,Uruguay,932,27,822,83,Uruguay,26.82997253,2.896995708
,Uzbekistan,8222,23,5496,2703,Uzbekistan,24.56587025,0.27973729
,Venezuela,5530,48,1649,3833,Venezuela,19.44721861,0.867992767
,Vietnam,355,0,335,20,Vietnam,0.364706357,0
,West Bank and Gaza,2185,5,447,1733,West Bank and Gaza,42.83124529,0.228832952
,Western Sahara,10,1,8,1,Western Sahara,1.674116485,10
,Yemen,1128,304,432,392,Yemen,3.781939282,26.95035461
,Zambia,1568,22,1311,235,Zambia,8.529176201,1.403061224
,Zimbabwe,574,7,152,415,Zimbabwe,3.861958011,1.219512195
